"Дата операции";"Дата платежа";"Номер карты";"Статус";"Сумма операции";"Валюта операции";"Сумма платежа";"Валюта платежа";"Кэшбэк";"Категория";"MCC";"Описание";"Бонусы (включая кэшбэк)";"Округление на инвесткопилку";"Сумма операции с округлением"
"19.06.2025 17:20:25";"19.06.2025";"*2572";"OK";"-245,00";"RUB";"-245,00";"RUB";"2";"Различные товары";"5331";"Fix Price";"2,00";"0,00";"245,00"
"19.06.2025 15:08:05";"19.06.2025";"*2572";"OK";"-500,00";"RUB";"-500,00";"RUB";"5";"Фастфуд";"5814";"Vafli.Ok";"5,00";"0,00";"500,00"
"19.06.2025 12:09:03";"19.06.2025";"";"OK";"-179,98";"RUB";"-179,98";"RUB";"";"Супермаркеты";"5921";"Красное и белое";"0,00";"0,00";"179,98"
"19.06.2025 11:41:35";"19.06.2025";"";"OK";"-265,87";"RUB";"-265,87";"RUB";"";"Супермаркеты";"5411";"Магазин";"0,00";"0,00";"265,87"
"19.06.2025 00:00:00";"19.06.2025";"*2572";"OK";"20,70";"RUB";"20,70";"RUB";"";"Бонусы";"";"Кэшбэк по «Привет, Мир!»";"0,00";"0,00";"20,70"
"18.06.2025 20:58:37";"18.06.2025";"";"OK";"-498,84";"RUB";"-498,84";"RUB";"";"Супермаркеты";"5411";"Магазин";"0,00";"0,00";"498,84"
"18.06.2025 07:06:13";"18.06.2025";"*2572";"OK";"-137,98";"RUB";"-137,98";"RUB";"1";"Супермаркеты";"5411";"Пятёрочка";"1,00";"0,00";"137,98"
"17.06.2025 19:39:07";"17.06.2025";"*2572";"OK";"-814,52";"RUB";"-814,52";"RUB";"8";"Супермаркеты";"5411";"Пятёрочка";"8,00";"0,00";"814,52"
"17.06.2025 19:31:31";"18.06.2025";"*2572";"OK";"-35,00";"RUB";"-35,00";"RUB";"";"Супермаркеты";"5499";"IP Aksinichenko Nv";"0,00";"0,00";"35,00"
"17.06.2025 17:07:55";"17.06.2025";"*1581";"OK";"500,00";"RUB";"500,00";"RUB";"";"Переводы";"";"Метакся Г.";"0,00";"0,00";"500,00"
"17.06.2025 11:48:16";"17.06.2025";"*2572";"OK";"-149,00";"RUB";"-149,00";"RUB";"7";"Аптеки";"5912";"Аптека Вита";"7,00";"0,00";"149,00"
"17.06.2025 11:37:32";"17.06.2025";"";"OK";"-120,00";"RUB";"-120,00";"RUB";"";"Переводы";"";"Элдар А.";"0,00";"0,00";"120,00"
"16.06.2025 21:57:54";"17.06.2025";"*2572";"OK";"-334,97";"RUB";"-334,97";"RUB";"3";"Супермаркеты";"5499";"Бристоль";"3,00";"0,00";"334,97"
"16.06.2025 18:36:36";"16.06.2025";"";"OK";"-369,00";"RUB";"-369,00";"RUB";"";"Переводы";"";"Аноним";"0,00";"0,00";"369,00"
"16.06.2025 18:09:10";"16.06.2025";"";"OK";"-500,00";"RUB";"-500,00";"RUB";"";"Переводы";"";"Метакся Г.";"0,00";"0,00";"500,00"
"16.06.2025 18:04:27";"17.06.2025";"*2572";"OK";"-414,00";"RUB";"-414,00";"RUB";"4";"Местный транспорт";"4111";"Экспресс-пригород";"4,00";"0,00";"414,00"
"16.06.2025 17:58:45";"16.06.2025";"*2572";"OK";"-339,96";"RUB";"-339,96";"RUB";"3";"Супермаркеты";"5411";"Пятёрочка";"3,00";"0,00";"339,96"
"16.06.2025 17:30:07";"17.06.2025";"*1581";"OK";"-274,00";"RUB";"-274,00";"RUB";"2";"Такси";"4121";"Uber";"2,00";"0,00";"274,00"
"16.06.2025 15:52:29";"16.06.2025";"";"OK";"-35,00";"RUB";"-35,00";"RUB";"";"Переводы";"";"Сергей З.";"0,00";"0,00";"35,00"
"16.06.2025 13:22:43";"16.06.2025";"*2572";"OK";"-106,89";"RUB";"-106,89";"RUB";"1";"Супермаркеты";"5499";"Красное и белое";"1,00";"0,00";"106,89"
"15.06.2025 22:22:05";"16.06.2025";"*2572";"OK";"-32,00";"RUB";"-32,00";"RUB";"";"Транспорт";"4131";"Транспорт Волгограда";"0,00";"0,00";"32,00"
"15.06.2025 21:39:13";"15.06.2025";"*2572";"OK";"-284,00";"RUB";"-284,00";"RUB";"2";"Фастфуд";"5814";"Жар Пицца";"2,00";"0,00";"284,00"
"15.06.2025 21:15:33";"15.06.2025";"*2572";"OK";"-139,98";"RUB";"-139,98";"RUB";"1";"Супермаркеты";"5499";"Красное и белое";"1,00";"0,00";"139,98"
"15.06.2025 21:07:30";"15.06.2025";"*2572";"OK";"-109,99";"RUB";"-109,99";"RUB";"1";"Супермаркеты";"5499";"Бристоль";"1,00";"0,00";"109,99"
"15.06.2025 20:51:45";"16.06.2025";"*2572";"OK";"-37,00";"RUB";"-37,00";"RUB";"";"Рестораны";"5813";"Podval";"0,00";"0,00";"37,00"
"15.06.2025 20:32:46";"16.06.2025";"*2572";"OK";"-50,00";"RUB";"-50,00";"RUB";"";"Рестораны";"5813";"Podval";"0,00";"0,00";"50,00"
"15.06.2025 19:32:38";"15.06.2025";"*2572";"OK";"-32,00";"RUB";"-32,00";"RUB";"";"Транспорт";"4131";"Транспорт Волгограда";"0,00";"0,00";"32,00"
"15.06.2025 19:03:02";"15.06.2025";"*2572";"OK";"-54,99";"RUB";"-54,99";"RUB";"";"Супермаркеты";"5411";"Магнит";"0,00";"0,00";"54,99"
"15.06.2025 18:40:08";"15.06.2025";"*2572";"OK";"-30000,00";"RUB";"-30000,00";"RUB";"300";"Дом и ремонт";"5722";"DNS";"300,00";"0,00";"30000,00"
"15.06.2025 18:36:33";"15.06.2025";"";"OK";"-30498,00";"RUB";"-30498,00";"RUB";"";"Другое";"9999";"Оплата покупки в рассрочку";"0,00";"0,00";"30498,00"
"15.06.2025 18:36:33";"15.06.2025";"";"OK";"30498,00";"RUB";"30498,00";"RUB";"";"Кредиты";"9999";"Получение кредита";"0,00";"0,00";"30498,00"
"15.06.2025 18:06:33";"15.06.2025";"*1581";"OK";"30000,00";"RUB";"30000,00";"RUB";"";"Переводы";"";"Максим Б.";"0,00";"0,00";"30000,00"
"15.06.2025 17:26:32";"15.06.2025";"*2572";"OK";"-32,00";"RUB";"-32,00";"RUB";"";"Транспорт";"4131";"Транспорт Волгограда";"0,00";"0,00";"32,00"
"15.06.2025 16:31:27";"15.06.2025";"*1581";"OK";"-381,00";"RUB";"-381,00";"RUB";"3";"Такси";"4121";"Uber";"3,00";"0,00";"381,00"
"15.06.2025 13:54:11";"15.06.2025";"*2572";"OK";"-213,78";"RUB";"-213,78";"RUB";"2";"Супермаркеты";"5499";"Красное и белое";"2,00";"0,00";"213,78"
"15.06.2025 13:47:58";"15.06.2025";"*2572";"OK";"-1673,00";"RUB";"-1673,00";"RUB";"16";"Супермаркеты";"5411";"Чижик";"16,00";"0,00";"1673,00"
"14.06.2025 22:57:47";"14.06.2025";"";"OK";"-99,00";"RUB";"-99,00";"RUB";"";"Услуги банка";"9999";"Плата за оповещения об операциях";"0,00";"0,00";"99,00"
"14.06.2025 22:36:30";"14.06.2025";"";"OK";"527,00";"RUB";"527,00";"RUB";"";"Бонусы";"";"Кэшбэк за обычные покупки";"0,00";"0,00";"527,00"
"14.06.2025 17:22:58";"14.06.2025";"*2572";"OK";"-407,97";"RUB";"-407,97";"RUB";"4";"Супермаркеты";"5411";"Перекрёсток";"4,00";"0,00";"407,97"
"14.06.2025 14:32:54";"14.06.2025";"*2572";"OK";"-71,00";"RUB";"-71,00";"RUB";"";"Транспорт";"4131";"Волжская автоколонна №1732";"0,00";"0,00";"71,00"
"14.06.2025 13:05:03";"14.06.2025";"";"OK";"-500,00";"RUB";"-500,00";"RUB";"";"Переводы";"";"Альбина М.";"0,00";"0,00";"500,00"
"14.06.2025 12:28:11";"14.06.2025";"*1581";"OK";"300,00";"RUB";"300,00";"RUB";"";"Переводы";"";"Виктория Е.";"0,00";"0,00";"300,00"
"14.06.2025 10:42:27";"14.06.2025";"*2572";"OK";"-12000,00";"RUB";"-12000,00";"RUB";"120";"Образование";"8299";"Касса";"120,00";"0,00";"12000,00"
"14.06.2025 08:11:22";"14.06.2025";"*2572";"OK";"-279,98";"RUB";"-279,98";"RUB";"2";"Супермаркеты";"5411";"Пятёрочка";"2,00";"0,00";"279,98"
"13.06.2025 21:27:36";"13.06.2025";"*2572";"OK";"-154,98";"RUB";"-154,98";"RUB";"1";"Супермаркеты";"5499";"Бристоль";"1,00";"0,00";"154,98"
"13.06.2025 21:21:36";"13.06.2025";"*2572";"OK";"-255,00";"RUB";"-255,00";"RUB";"2";"Различные товары";"5993";"Magazin Dya 3";"2,00";"0,00";"255,00"
"13.06.2025 21:02:23";"13.06.2025";"*2572";"OK";"-673,92";"RUB";"-673,92";"RUB";"6";"Супермаркеты";"5411";"Перекрёсток";"6,00";"0,00";"673,92"
"13.06.2025 17:46:32";"13.06.2025";"*2572";"OK";"-320,00";"RUB";"-320,00";"RUB";"3";"Различные товары";"5993";"Табачная лавка";"3,00";"0,00";"320,00"
"13.06.2025 17:46:26";"13.06.2025";"*1581";"OK";"320,00";"RUB";"320,00";"RUB";"";"Переводы";"";"Илья Т.";"0,00";"0,00";"320,00"
"13.06.2025 17:45:19";"13.06.2025";"*2572";"OK";"-207,98";"RUB";"-207,98";"RUB";"2";"Супермаркеты";"5411";"Перекрёсток";"2,00";"0,00";"207,98"
"13.06.2025 17:42:56";"13.06.2025";"*2572";"OK";"-32,00";"RUB";"-32,00";"RUB";"";"Транспорт";"4131";"Транспорт Волгограда";"0,00";"0,00";"32,00"
"13.06.2025 11:38:55";"13.06.2025";"";"OK";"-574,00";"RUB";"-574,00";"RUB";"";"Переводы";"";"Аноним";"0,00";"0,00";"574,00"
"13.06.2025 10:26:31";"13.06.2025";"*2572";"OK";"-850,00";"RUB";"-850,00";"RUB";"8";"Красота";"7230";"Studiya 14";"8,00";"0,00";"850,00"
"13.06.2025 09:49:20";"13.06.2025";"*2572";"OK";"-44,99";"RUB";"-44,99";"RUB";"";"Супермаркеты";"5499";"Бристоль";"0,00";"0,00";"44,99"
"13.06.2025 07:32:22";"13.06.2025";"*2572";"OK";"-414,00";"RUB";"-414,00";"RUB";"4";"Местный транспорт";"4111";"Экспресс-пригород";"4,00";"0,00";"414,00"
"12.06.2025 21:56:21";"13.06.2025";"*2572";"OK";"-35,00";"RUB";"-35,00";"RUB";"";"Супермаркеты";"5499";"IP Aksinichenko Nv";"0,00";"0,00";"35,00"
"12.06.2025 21:47:16";"13.06.2025";"*2572";"OK";"-550,94";"RUB";"-550,94";"RUB";"5";"Супермаркеты";"5411";"Пятёрочка";"5,00";"0,00";"550,94"
"12.06.2025 21:35:58";"12.06.2025";"";"OK";"5100,00";"RUB";"5100,00";"RUB";"";"Переводы";"";"Перевод между счетами";"0,00";"0,00";"5100,00"
"12.06.2025 21:35:57";"12.06.2025";"";"OK";"-5100,00";"RUB";"-5100,00";"RUB";"";"Переводы";"";"Перевод между счетами";"0,00";"0,00";"5100,00"
"12.06.2025 21:35:32";"12.06.2025";"*1581";"OK";"20997,89";"RUB";"20997,89";"RUB";"";"Переводы";"";"Максим Б.";"0,00";"0,00";"20997,89"
"12.06.2025 21:28:32";"12.06.2025";"*2572";"OK";"-274,96";"RUB";"-274,96";"RUB";"2";"Супермаркеты";"5499";"Бристоль";"2,00";"0,00";"274,96"
"12.06.2025 21:18:56";"12.06.2025";"";"OK";"-170,00";"RUB";"-170,00";"RUB";"";"Переводы";"";"Гульнара Г.";"0,00";"0,00";"170,00"
"12.06.2025 19:53:14";"12.06.2025";"*2572";"OK";"-179,98";"RUB";"-179,98";"RUB";"1";"Супермаркеты";"5499";"Красное и белое";"1,00";"0,00";"179,98"
"11.06.2025 18:44:48";"11.06.2025";"*2572";"OK";"-515,94";"RUB";"-515,94";"RUB";"5";"Супермаркеты";"5411";"Пятёрочка";"5,00";"0,00";"515,94"
"11.06.2025 12:09:17";"11.06.2025";"*2572";"OK";"-1102,00";"RUB";"-1102,00";"RUB";"55";"Аптеки";"5912";"Аптека Вита";"55,00";"0,00";"1102,00"
"10.06.2025 22:28:39";"11.06.2025";"*1581";"OK";"2240,00";"RUB";"2240,00";"RUB";"";"Переводы";"";"Михаил Г.";"0,00";"0,00";"2240,00"
"10.06.2025 22:11:26";"11.06.2025";"*2572";"OK";"-3778,03";"RUB";"-3778,03";"RUB";"37";"Супермаркеты";"5411";"Пятёрочка";"37,00";"0,00";"3778,03"
"10.06.2025 20:47:28";"10.06.2025";"*2572";"OK";"-689,95";"RUB";"-689,95";"RUB";"6";"Супермаркеты";"5411";"Пятёрочка";"6,00";"0,00";"689,95"
"10.06.2025 17:06:52";"10.06.2025";"";"OK";"-3000,00";"RUB";"-3000,00";"RUB";"";"Переводы";"";"Игорь Д.";"0,00";"0,00";"3000,00"
"10.06.2025 16:32:03";"10.06.2025";"";"OK";"-15500,00";"RUB";"-15500,00";"RUB";"";"Переводы";"";"Сергей И.";"0,00";"0,00";"15500,00"
"10.06.2025 16:30:39";"10.06.2025";"*1581";"OK";"14443,00";"RUB";"14443,00";"RUB";"";"Переводы";"";"Максим Б.";"0,00";"0,00";"14443,00"
"10.06.2025 10:07:46";"10.06.2025";"";"OK";"1226,00";"RUB";"1226,00";"RUB";"";"Переводы";"";"Перевод между счетами";"0,00";"0,00";"1226,00"
"10.06.2025 10:07:45";"10.06.2025";"";"OK";"-1226,00";"RUB";"-1226,00";"RUB";"";"Переводы";"";"Перевод между счетами";"0,00";"0,00";"1226,00"
"10.06.2025 09:59:20";"10.06.2025";"";"OK";"31000,00";"RUB";"31000,00";"RUB";"";"Переводы";"";"Перевод между счетами";"0,00";"0,00";"31000,00"
"10.06.2025 09:59:19";"10.06.2025";"";"OK";"-31000,00";"RUB";"-31000,00";"RUB";"";"Переводы";"";"Перевод между счетами";"0,00";"0,00";"31000,00"
"10.06.2025 09:58:49";"10.06.2025";"*1581";"OK";"60000,00";"RUB";"60000,00";"RUB";"";"Переводы";"";"Максим Б.";"0,00";"0,00";"60000,00"
"09.06.2025 19:01:31";"09.06.2025";"*2572";"OK";"-765,63";"RUB";"-765,63";"RUB";"7";"Супермаркеты";"5411";"Пятёрочка";"7,00";"0,00";"765,63"
"09.06.2025 18:52:04";"09.06.2025";"";"OK";"1000,00";"RUB";"1000,00";"RUB";"";"Переводы";"";"Перевод между счетами";"0,00";"0,00";"1000,00"
"09.06.2025 18:52:03";"09.06.2025";"";"OK";"-1000,00";"RUB";"-1000,00";"RUB";"";"Переводы";"";"Перевод между счетами";"0,00";"0,00";"1000,00"
"09.06.2025 18:47:39";"09.06.2025";"*2572";"OK";"-52,98";"RUB";"-52,98";"RUB";"";"Красота";"5311";"Магнит Косметик";"0,00";"0,00";"52,98"
"09.06.2025 18:47:12";"09.06.2025";"";"OK";"300,00";"RUB";"300,00";"RUB";"";"Переводы";"";"Перевод между счетами";"0,00";"0,00";"300,00"
"09.06.2025 18:47:11";"09.06.2025";"";"OK";"-300,00";"RUB";"-300,00";"RUB";"";"Переводы";"";"Перевод между счетами";"0,00";"0,00";"300,00"
"09.06.2025 18:45:48";"10.06.2025";"*2572";"OK";"-35,00";"RUB";"-35,00";"RUB";"";"Супермаркеты";"5499";"IP Aksinichenko Nv";"0,00";"0,00";"35,00"
"09.06.2025 14:09:07";"09.06.2025";"*1581";"OK";"-7,00";"RUB";"-7,00";"RUB";"";"Цифровые товары";"5816";"ВКонтакте";"0,00";"0,00";"7,00"
"08.06.2025 21:38:58";"08.06.2025";"";"OK";"-400,00";"RUB";"-400,00";"RUB";"";"Переводы";"";"Анатолий Ф.";"0,00";"0,00";"400,00"
"08.06.2025 17:17:19";"08.06.2025";"";"OK";"-300,00";"RUB";"-300,00";"RUB";"";"Переводы";"";"Денис Б.";"0,00";"0,00";"300,00"
"08.06.2025 17:12:46";"08.06.2025";"*2572";"OK";"-111,88";"RUB";"-111,88";"RUB";"1";"Супермаркеты";"5499";"Красное и белое";"1,00";"0,00";"111,88"
"08.06.2025 17:00:29";"08.06.2025";"*2572";"OK";"-173,00";"RUB";"-173,00";"RUB";"1";"Супермаркеты";"5921";"Magazin Beerka";"1,00";"0,00";"173,00"
"08.06.2025 16:26:48";"08.06.2025";"*2572";"OK";"-314,97";"RUB";"-314,97";"RUB";"3";"Супермаркеты";"5499";"Красное и белое";"3,00";"0,00";"314,97"
"08.06.2025 16:22:03";"08.06.2025";"*2572";"OK";"-806,50";"RUB";"-806,50";"RUB";"8";"Различные товары";"5331";"Fix Price";"8,00";"0,00";"806,50"
"08.06.2025 16:04:04";"08.06.2025";"*2572";"OK";"-906,81";"RUB";"-906,81";"RUB";"9";"Супермаркеты";"5499";"Продукты Ермолино";"9,00";"0,00";"906,81"
"08.06.2025 09:23:35";"08.06.2025";"*2572";"OK";"-89,99";"RUB";"-89,99";"RUB";"";"Супермаркеты";"5499";"Бристоль";"0,00";"0,00";"89,99"
"08.06.2025 07:58:15";"08.06.2025";"*1581";"OK";"1000,00";"RUB";"1000,00";"RUB";"";"Переводы";"";"Михаил Г.";"0,00";"0,00";"1000,00"
"07.06.2025 22:50:28";"08.06.2025";"*1581";"OK";"1000,00";"RUB";"1000,00";"RUB";"";"Переводы";"";"Метакся Г.";"0,00";"0,00";"1000,00"
"07.06.2025 18:49:56";"07.06.2025";"*2572";"OK";"-239,96";"RUB";"-239,96";"RUB";"2";"Супермаркеты";"5411";"Пятёрочка";"2,00";"0,00";"239,96"
"07.06.2025 18:49:49";"07.06.2025";"";"OK";"500,00";"RUB";"500,00";"RUB";"";"Переводы";"";"Перевод между счетами";"0,00";"0,00";"500,00"
"07.06.2025 18:49:48";"07.06.2025";"";"OK";"-500,00";"RUB";"-500,00";"RUB";"";"Переводы";"";"Перевод между счетами";"0,00";"0,00";"500,00"
"07.06.2025 11:48:53";"07.06.2025";"";"OK";"-32,67";"RUB";"-32,67";"RUB";"";"Интернет";"";"ДОМ.RU";"0,00";"0,00";"32,67"
"07.06.2025 10:34:27";"07.06.2025";"*2572";"OK";"-106,00";"RUB";"-106,00";"RUB";"1";"Супермаркеты";"5499";"Славица";"1,00";"0,00";"106,00"
"07.06.2025 08:49:16";"07.06.2025";"*2572";"OK";"-89,99";"RUB";"-89,99";"RUB";"";"Супермаркеты";"5411";"Магнит";"0,00";"0,00";"89,99"
"06.06.2025 21:27:53";"06.06.2025";"*2572";"OK";"-399,59";"RUB";"-399,59";"RUB";"3";"Супермаркеты";"5411";"Пятёрочка";"3,00";"0,00";"399,59"
"06.06.2025 21:27:43";"06.06.2025";"";"OK";"-500,00";"RUB";"-500,00";"RUB";"";"Переводы";"";"Перевод между счетами";"0,00";"0,00";"500,00"
"06.06.2025 21:27:43";"06.06.2025";"";"OK";"500,00";"RUB";"500,00";"RUB";"";"Переводы";"";"Перевод между счетами";"0,00";"0,00";"500,00"
"06.06.2025 21:18:15";"07.06.2025";"*2572";"OK";"-35,00";"RUB";"-35,00";"RUB";"";"Супермаркеты";"5499";"IP Aksinichenko Nv";"0,00";"0,00";"35,00"
"06.06.2025 21:17:36";"06.06.2025";"*2572";"OK";"-119,98";"RUB";"-119,98";"RUB";"1";"Супермаркеты";"5499";"Красное и белое";"1,00";"0,00";"119,98"
"06.06.2025 20:25:39";"06.06.2025";"";"OK";"500,00";"RUB";"500,00";"RUB";"";"Переводы";"";"Перевод между счетами";"0,00";"0,00";"500,00"
"06.06.2025 20:25:38";"06.06.2025";"";"OK";"-500,00";"RUB";"-500,00";"RUB";"";"Переводы";"";"Перевод между счетами";"0,00";"0,00";"500,00"
"06.06.2025 07:28:50";"06.06.2025";"*2572";"OK";"-316,97";"RUB";"-316,97";"RUB";"3";"Супермаркеты";"5411";"Пятёрочка";"3,00";"0,00";"316,97"
"05.06.2025 23:43:10";"06.06.2025";"*1581";"OK";"100,00";"RUB";"100,00";"RUB";"";"Переводы";"";"Андрей К.";"0,00";"0,00";"100,00"
"05.06.2025 22:42:03";"06.06.2025";"*2572";"OK";"-409,97";"RUB";"-409,97";"RUB";"4";"Супермаркеты";"5411";"Пятёрочка";"4,00";"0,00";"409,97"
"05.06.2025 15:56:26";"05.06.2025";"*2572";"OK";"-149,00";"RUB";"-149,00";"RUB";"7";"Аптеки";"5912";"Аптека Вита";"7,00";"0,00";"149,00"
"05.06.2025 15:52:48";"05.06.2025";"*2572";"OK";"-318,87";"RUB";"-318,87";"RUB";"3";"Супермаркеты";"5411";"Пятёрочка";"3,00";"0,00";"318,87"
"05.06.2025 15:33:17";"05.06.2025";"*2572";"OK";"-178,88";"RUB";"-178,88";"RUB";"1";"Супермаркеты";"5499";"Красное и белое";"1,00";"0,00";"178,88"
"05.06.2025 15:29:15";"05.06.2025";"*1581";"OK";"1000,00";"RUB";"1000,00";"RUB";"";"Переводы";"";"Метакся Г.";"0,00";"0,00";"1000,00"
"04.06.2025 22:50:45";"05.06.2025";"*2572";"OK";"-356,96";"RUB";"-356,96";"RUB";"3";"Супермаркеты";"5411";"Пятёрочка";"3,00";"0,00";"356,96"
"04.06.2025 22:46:52";"05.06.2025";"";"OK";"500,00";"RUB";"500,00";"RUB";"";"Переводы";"";"Перевод между счетами";"0,00";"0,00";"500,00"
"04.06.2025 22:46:51";"05.06.2025";"";"OK";"-500,00";"RUB";"-500,00";"RUB";"";"Переводы";"";"Перевод между счетами";"0,00";"0,00";"500,00"
"04.06.2025 18:48:44";"04.06.2025";"*2572";"OK";"-159,98";"RUB";"-159,98";"RUB";"1";"Супермаркеты";"5499";"Бристоль";"1,00";"0,00";"159,98"
"04.06.2025 08:49:03";"04.06.2025";"";"OK";"-206,00";"RUB";"-206,00";"RUB";"";"Переводы";"";"Гульнара Г.";"0,00";"0,00";"206,00"
"04.06.2025 08:47:12";"04.06.2025";"";"OK";"-100,00";"RUB";"-100,00";"RUB";"";"Переводы";"";"Николай Р.";"0,00";"0,00";"100,00"
"04.06.2025 08:43:46";"04.06.2025";"";"OK";"-472,00";"RUB";"-472,00";"RUB";"";"Переводы";"";"Татьяна М.";"0,00";"0,00";"472,00"
"04.06.2025 08:35:35";"04.06.2025";"";"OK";"1000,00";"RUB";"1000,00";"RUB";"";"Переводы";"";"Перевод между счетами";"0,00";"0,00";"1000,00"
"04.06.2025 08:35:34";"04.06.2025";"";"OK";"-1000,00";"RUB";"-1000,00";"RUB";"";"Переводы";"";"Перевод между счетами";"0,00";"0,00";"1000,00"
"03.06.2025 19:22:34";"03.06.2025";"*2572";"OK";"-199,98";"RUB";"-199,98";"RUB";"1";"Супермаркеты";"5499";"Красное и белое";"1,00";"0,00";"199,98"
"03.06.2025 13:20:44";"04.06.2025";"*2572";"OK";"-35,00";"RUB";"-35,00";"RUB";"";"Супермаркеты";"5499";"IP Aksinichenko Nv";"0,00";"0,00";"35,00"
"03.06.2025 13:18:56";"03.06.2025";"*2572";"OK";"-243,96";"RUB";"-243,96";"RUB";"2";"Супермаркеты";"5411";"Магнит";"2,00";"0,00";"243,96"
"03.06.2025 13:17:41";"03.06.2025";"";"OK";"526,00";"RUB";"526,00";"RUB";"";"Переводы";"";"Перевод между счетами";"0,00";"0,00";"526,00"
"03.06.2025 13:17:40";"03.06.2025";"";"OK";"-526,00";"RUB";"-526,00";"RUB";"";"Переводы";"";"Перевод между счетами";"0,00";"0,00";"526,00"
"03.06.2025 12:12:30";"03.06.2025";"";"OK";"-349,00";"RUB";"-349,00";"RUB";"";"Переводы";"";"Гульнара Г.";"0,00";"0,00";"349,00"
"03.06.2025 12:04:18";"03.06.2025";"*2572";"OK";"-199,98";"RUB";"-199,98";"RUB";"1";"Супермаркеты";"5499";"Красное и белое";"1,00";"0,00";"199,98"
"03.06.2025 11:58:45";"03.06.2025";"";"OK";"-1500,00";"RUB";"-1500,00";"RUB";"";"Переводы";"";"Алексей П.";"0,00";"0,00";"1500,00"
"03.06.2025 10:29:43";"03.06.2025";"";"OK";"-1400,00";"RUB";"-1400,00";"RUB";"";"Переводы";"";"Денис Б.";"0,00";"0,00";"1400,00"
"03.06.2025 10:17:43";"03.06.2025";"*2572";"OK";"-99,99";"RUB";"-99,99";"RUB";"";"Супермаркеты";"5411";"Магнит";"0,00";"0,00";"99,99"
"03.06.2025 01:25:17";"03.06.2025";"";"OK";"-3225,00";"RUB";"-3225,00";"RUB";"";"Переводы";"";"Аноним";"0,00";"0,00";"3225,00"
"02.06.2025 07:26:40";"02.06.2025";"*2572";"OK";"-199,00";"RUB";"-199,00";"RUB";"1";"Цифровые товары";"5815";"VK Музыка";"1,00";"0,00";"199,00"
"02.06.2025 07:07:46";"02.06.2025";"*2572";"OK";"-225,96";"RUB";"-225,96";"RUB";"2";"Супермаркеты";"5411";"Пятёрочка";"2,00";"0,00";"225,96"
"01.06.2025 22:28:55";"01.06.2025";"";"OK";"1,45";"RUB";"1,45";"RUB";"";"Проценты";"";"Проценты на остаток";"0,00";"0,00";"1,45"
"01.06.2025 17:54:34";"02.06.2025";"*2572";"OK";"-414,00";"RUB";"-414,00";"RUB";"4";"Местный транспорт";"4111";"Экспресс-пригород";"4,00";"0,00";"414,00"
"01.06.2025 16:02:07";"01.06.2025";"*2572";"OK";"-441,96";"RUB";"-441,96";"RUB";"4";"Супермаркеты";"5411";"Пятёрочка";"4,00";"0,00";"441,96"
"01.06.2025 15:31:14";"01.06.2025";"*2572";"OK";"-257,00";"RUB";"-257,00";"RUB";"2";"Фастфуд";"5814";"Aik Бистро";"2,00";"0,00";"257,00"
"01.06.2025 15:13:25";"01.06.2025";"*2572";"OK";"-106,89";"RUB";"-106,89";"RUB";"1";"Супермаркеты";"5499";"Бристоль";"1,00";"0,00";"106,89"
